Station,Easting,Northing
A,59.75,106.92
B,18.36556265759838,-6.782807115096475
C,180.4317733724581,121.27981165902035
